{
  "reset_password": "اعد كلمة المرور",
  "i_have_an_account": "لدي حساب!!",
  "remember_me": "تذكرني",
  "continue_as_doctor": "التسجيل كطبيب",
  "agree_terms": "أوافق على",
  "login": "تسجيل الدخول",
  "re_enter_password": "اعد ادخال كلمة المرور",
  "create_account": "إنشاء حساب",
  "first_name": "الاسم الأول",
  "user_name": "اسم المستخدم",
  "enter_user_name": "ادخل اسم المستخدم",
  "password": "كلمة المرور",
  "last_name": "الاسم الثاني",
  "enter_password": "ادخل كلمة المرور",
  "email_or_phone": "الايميل او الهاتف",
  "enter_email_or_phone": "ادخل الايميل او الهاتف",
  "phone": "الهاتف",
  "email": "الايميل",
  "enter_email": "ادخل الايميل",
  "enter_phone": "ادخل رقم الهاتف",
  "gender": "الجنس",
  "privacy_policy": "شروط الخصوصية",
  "or_register_with": "أو التسجيل باستخدام",
  "male": "ذكر",
  "female": "انثى",
  "prefer_not_to_say": "عدم الذكر",
  "please_type_longer_name": "من فضلك اكتب اسماً أطول",
  "please_type_shorter_name": "من فضلك اكتب اسماً أقصر",
  "please_enter_phone_number": "من فضلك ادخل رقم الهاتف",
  "please_enter_valid_syrian_phone_number": "من فضلك ادخل رقم هاتف سوري صحيح",
  "password_is_required": "كلمة المرور مطلوبة",
  "password_must_be_at_least_8_characters_long": "يجب أن تكون كلمة المرور مكونة من 8 أحرف على الأقل",
  "password_must_contain_at_least_one_letter": "يجب أن تحتوي كلمة المرور على حرف واحد على الأقل",
  "password_must_contain_at_least_one_number": "يجب أن تحتوي كلمة المرور على رقم واحد على الأقل",
  "please_enter_a_name": "من فضلك ادخل اسماً",
  
    "invalid_phone_number": "رقم الهاتف غير صالح",
  
  
    "The email has already been taken.": "البريد الإلكتروني مأخوذ بالفعل",
    "The phone has already been taken.": "رقم الهاتف مأخوذ بالفعل",
  "country_search":"ابحث بالاسم أو رمز الاتصال الدولي"
  
}
